IVR,43779
IVR-FAW,24721
IVR-FAW-MBFSCOM,4277
IVR-FAW-IVR,5891
IVR-FAW-IVR-FAW,6506
IVR-FAW-IVR-FAW-IVR,1548
IVR-FAW-IVR-FAW-IVR-FAW,2484
IVR-MBFSCOM,4764
MBFSCOM,108531
MyMBFS,32725
FAW,29216
FAW-IVR-FAW,4936
FAW-MBFSCOM,3864
MBFSCOM-IVR-FAW-MBFSCOM,3333
MBFSCOM-FAW-MBFSCOM,2962
MBFSCOM-IVR-MBFSCOM,2727
MBFSCOM-MyMBFS,2698
FAW-IVR,2618
MBFSCOM-IVR-FAW,2613
MBFSCOM-IVR,2366
MBFSCOM-FAW,1998
FAW-IVR-FAW-IVR-FAW,1901
MyMBFS-MBFSCOM-MyMBFS,1514
MyMBFS-MBFSCOM,1304
FAW-MBFSCOM-FAW-MBFSCOM,1057
FAW-MBFSCOM-FAW,1020
IVR-FAW-IVR-FAW-IVR-FAW-IVR-FAW,972
FAW-IVR-FAW-IVR-FAW-IVR-FAW,970
MBFSCOM-MyMBFS-MBFSCOM,918
MyMBFS-FAW-MyMBFS,879
FAW-IVR-FAW-IVR,860
IVR-MBFSCOM-IVR,844
MyMBFS-IVR-FAW-MyMBFS,814
MyMBFS-IVR-MyMBFS,748
IVR-FAW-MBFSCOM-FAW,694
IVR-FAW-IVR-FAW-MBFSCOM,627
MBFSCOM-FAW-MBFSCOM-FAW-MBFSCOM,568
IVR-MBFSCOM-IVR-MBFSCOM,550
FAW-MyMBFS,541
FAW-IVR-FAW-MBFSCOM,521
IVR-FAW-IVR-FAW-IVR-FAW-IVR,510